{
  "grid_lambda_vals": [
    0.005,
    0.02,
    0.05,
    0.15,
    0.4
  ],
  "lambda_inertia": 0.05,
  "lambda_forcing": 0.05,
  "R2_grid": [
    [
      0.881826903168082,
      0.8798195683963231,
      0.8785524403591269,
      0.8438945248339612,
      0.7206489031775813
    ],
    [
      0.823214110997246,
      0.883647437393873,
      0.8896970074231967,
      0.8784823446602352,
      0.8791855743684077
    ],
    [
      0.8838727933587442,
      0.7888880771725485,
      0.7518136787397491,
      0.87270713361117,
      0.8932074205457777
    ],
    [
      0.839127156655721,
      0.9062984601741966,
      0.8271166924073862,
      0.6788083025623441,
      0.8752641869609159
    ],
    [
      0.8668138901335951,
      0.915300279612522,
      0.9351729118900293,
      0.9263850799300206,
      0.9132915375731714
    ]
  ],
  "MSE_grid": [
    [
      0.007150483783334494,
      0.007221209350973368,
      0.007328753359615803,
      0.008964774198830128,
      0.016532497480511665
    ],
    [
      0.010195022448897362,
      0.007268188055604696,
      0.007091681007295847,
      0.00786248967051506,
      0.008987385779619217
    ],
    [
      0.007822158746421337,
      0.011856792494654655,
      0.0162636861205101,
      0.009333740919828415,
      0.00899285264313221
    ],
    [
      0.01856369338929653,
      0.0103932935744524,
      0.01407693699002266,
      0.021494708955287933,
      0.013567924499511719
    ],
    [
      0.023146988824009895,
      0.024876050651073456,
      0.020776065066456795,
      0.020926566794514656,
      0.023067835718393326
    ]
  ],
  "DATA_grid": [
    [
      0.0033504576422274113,
      0.0034533848520368338,
      0.0036557898856699467,
      0.004334452096372843,
      0.006871113087981939
    ],
    [
      0.004361346364021301,
      0.004310077987611294,
      0.004471464082598686,
      0.00515627209097147,
      0.007326864637434483
    ],
    [
      0.006203793454915285,
      0.006568561308085918,
      0.007844042032957077,
      0.0074885692447423935,
      0.009717795066535473
    ],
    [
      0.018577098846435547,
      0.015291239134967327,
      0.01590690389275551,
      0.01789160445332527,
      0.019916625693440437
    ],
    [
      0.04519132152199745,
      0.050778236240148544,
      0.04540976881980896,
      0.046788617968559265,
      0.05032898113131523
    ]
  ],
  "best_lam_stiff": 0.4,
  "best_lam_damp": 0.05,
  "best_r2": 0.9351729118900293,
  "best_diagonal_r2": 0.9132915375731714,
  "records": [
    {
      "lam_stiff": 0.005,
      "lam_damp": 0.005,
      "data_mse": 0.0033504576422274113,
      "res_mse": 0.007150483783334494,
      "sindy_r2": 0.881826903168082,
      "expr": "0.7186*x + -0.6628*x^3 + 0.1633*v + -0.6203*x*v^2"
    },
    {
      "lam_stiff": 0.005,
      "lam_damp": 0.02,
      "data_mse": 0.0034533848520368338,
      "res_mse": 0.007221209350973368,
      "sindy_r2": 0.8798195683963231,
      "expr": "0.7382*x + -0.6867*x^3 + 0.2824*v + 0.2181*v^3 + -0.3324*sign(v)*v^2 + -0.6560*x*v^2"
    },
    {
      "lam_stiff": 0.005,
      "lam_damp": 0.05,
      "data_mse": 0.0036557898856699467,
      "res_mse": 0.007328753359615803,
      "sindy_r2": 0.8785524403591269,
      "expr": "0.7574*x + -0.7141*x^3 + 0.3046*v + 0.2621*v^3 + -0.3953*sign(v)*v^2 + -0.6912*x*v^2"
    },
    {
      "lam_stiff": 0.005,
      "lam_damp": 0.15,
      "data_mse": 0.004334452096372843,
      "res_mse": 0.008964774198830128,
      "sindy_r2": 0.8438945248339612,
      "expr": "0.8420*x + -0.8545*x^3 + 0.3550*v + 0.5145*v^3 + -0.6641*sign(v)*v^2 + -0.7944*x*v^2"
    },
    {
      "lam_stiff": 0.005,
      "lam_damp": 0.4,
      "data_mse": 0.006871113087981939,
      "res_mse": 0.016532497480511665,
      "sindy_r2": 0.7206489031775813,
      "expr": "0.9667*x + -1.0052*x^3 + 0.4609*v + 0.5291*v^3 + -0.7847*sign(v)*v^2 + -1.1879*x*v^2"
    },
    {
      "lam_stiff": 0.02,
      "lam_damp": 0.005,
      "data_mse": 0.004361346364021301,
      "res_mse": 0.010195022448897362,
      "sindy_r2": 0.823214110997246,
      "expr": "0.8443*x + -0.8878*x^3 + 0.2904*v + 0.2843*v^3 + -0.3917*sign(v)*v^2 + -0.7442*x*v^2"
    },
    {
      "lam_stiff": 0.02,
      "lam_damp": 0.02,
      "data_mse": 0.004310077987611294,
      "res_mse": 0.007268188055604696,
      "sindy_r2": 0.883647437393873,
      "expr": "0.7644*x + -0.7396*x^3 + 0.2725*v + 0.2007*v^3 + -0.2968*sign(v)*v^2 + -0.7071*x*v^2"
    },
    {
      "lam_stiff": 0.02,
      "lam_damp": 0.05,
      "data_mse": 0.004471464082598686,
      "res_mse": 0.007091681007295847,
      "sindy_r2": 0.8896970074231967,
      "expr": "0.7722*x + -0.7569*x^3 + 0.1709*v + -0.7136*x*v^2"
    },
    {
      "lam_stiff": 0.02,
      "lam_damp": 0.15,
      "data_mse": 0.00515627209097147,
      "res_mse": 0.00786248967051506,
      "sindy_r2": 0.8784823446602352,
      "expr": "0.7743*x + -0.7928*x^3 + 0.3510*v + 0.3740*v^3 + -0.5310*sign(v)*v^2 + -0.7216*x*v^2"
    },
    {
      "lam_stiff": 0.02,
      "lam_damp": 0.4,
      "data_mse": 0.007326864637434483,
      "res_mse": 0.008987385779619217,
      "sindy_r2": 0.8791855743684077,
      "expr": "0.7977*x + -0.8743*x^3 + 0.4191*v + 0.5061*v^3 + -0.7064*sign(v)*v^2 + -0.7487*x*v^2"
    },
    {
      "lam_stiff": 0.05,
      "lam_damp": 0.005,
      "data_mse": 0.006203793454915285,
      "res_mse": 0.007822158746421337,
      "sindy_r2": 0.8838727933587442,
      "expr": "0.7742*x + -0.8012*x^3 + 0.2904*v + 0.2531*v^3 + -0.3461*sign(v)*v^2 + -0.7404*x*v^2"
    },
    {
      "lam_stiff": 0.05,
      "lam_damp": 0.02,
      "data_mse": 0.006568561308085918,
      "res_mse": 0.011856792494654655,
      "sindy_r2": 0.7888880771725485,
      "expr": "0.8501*x + -0.9225*x^3 + 0.3848*v + 0.4501*v^3 + -0.6277*sign(v)*v^2 + -0.8562*x*v^2"
    },
    {
      "lam_stiff": 0.05,
      "lam_damp": 0.05,
      "data_mse": 0.007844042032957077,
      "res_mse": 0.0162636861205101,
      "sindy_r2": 0.7518136787397491,
      "expr": "1.0159*x + -1.1266*x^3 + 0.4962*v + 0.5928*v^3 + -0.8797*sign(v)*v^2 + -1.1148*x*v^2"
    },
    {
      "lam_stiff": 0.05,
      "lam_damp": 0.15,
      "data_mse": 0.0074885692447423935,
      "res_mse": 0.009333740919828415,
      "sindy_r2": 0.87270713361117,
      "expr": "0.6582*x + -0.6898*x^3 + 0.3756*v + 0.3245*v^3 + -0.5031*sign(v)*v^2 + -0.5320*x*v^2"
    },
    {
      "lam_stiff": 0.05,
      "lam_damp": 0.4,
      "data_mse": 0.009717795066535473,
      "res_mse": 0.00899285264313221,
      "sindy_r2": 0.8932074205457777,
      "expr": "0.8351*x + -0.9638*x^3 + 0.3899*v + 0.5113*v^3 + -0.6534*sign(v)*v^2 + -0.8628*x*v^2"
    },
    {
      "lam_stiff": 0.15,
      "lam_damp": 0.005,
      "data_mse": 0.018577098846435547,
      "res_mse": 0.01856369338929653,
      "sindy_r2": 0.839127156655721,
      "expr": "0.9624*x + -1.2623*x^3 + 0.4044*v + 0.4228*v^3 + -0.5641*sign(v)*v^2 + -1.1787*x*v^2"
    },
    {
      "lam_stiff": 0.15,
      "lam_damp": 0.02,
      "data_mse": 0.015291239134967327,
      "res_mse": 0.0103932935744524,
      "sindy_r2": 0.9062984601741966,
      "expr": "0.8903*x + -1.1513*x^3 + 0.3972*v + 0.4617*v^3 + -0.5874*sign(v)*v^2 + -1.0375*x*v^2"
    },
    {
      "lam_stiff": 0.15,
      "lam_damp": 0.05,
      "data_mse": 0.01590690389275551,
      "res_mse": 0.01407693699002266,
      "sindy_r2": 0.8271166924073862,
      "expr": "0.9333*x + -1.3089*x^3 + 0.3759*v + 0.4993*v^3 + -0.5885*sign(v)*v^2 + -0.9929*x*v^2"
    },
    {
      "lam_stiff": 0.15,
      "lam_damp": 0.15,
      "data_mse": 0.01789160445332527,
      "res_mse": 0.021494708955287933,
      "sindy_r2": 0.6788083025623441,
      "expr": "0.7562*x + -0.9236*x^3 + 0.6039*v + 0.6704*v^3 + -1.0234*sign(v)*v^2 + -0.9922*x*v^2"
    },
    {
      "lam_stiff": 0.15,
      "lam_damp": 0.4,
      "data_mse": 0.019916625693440437,
      "res_mse": 0.013567924499511719,
      "sindy_r2": 0.8752641869609159,